trial_index,arm_name,trial_status,generation_method,is_feasible,DamageStats,EconomyStats,SurvivalStats,WavesRemaining,desire_weight,economy_weight,survival_weight,damage_weight,stat_percent_weight,weapon_synergy_weight,armor_desired_wave,armor_undesired_lower,armor_desire_aggr,armor_desire_degr,attack_speed_desired_wave,attack_speed_undesired_lower,attack_speed_desire_aggr,attack_speed_desire_degr,crit_chance_desired_wave,crit_chance_undesired_lower,crit_chance_desire_aggr,crit_chance_desire_degr,dodge_desired_wave,dodge_undesired_lower,dodge_desire_aggr,dodge_desire_degr,elemental_damage_desired_wave,elemental_damage_undesired_lower,elemental_damage_desire_aggr,elemental_damage_desire_degr,engineering_desired_wave,engineering_undesired_lower,engineering_desire_aggr,engineering_desire_degr,harvesting_desired_wave,harvesting_undesired_lower,harvesting_desire_aggr,harvesting_desire_degr,hp_regeneration_desired_wave,hp_regeneration_undesired_lower,hp_regeneration_desire_aggr,hp_regeneration_desire_degr,lifesteal_desired_wave,lifesteal_undesired_lower,lifesteal_desire_aggr,lifesteal_desire_degr,luck_desired_wave,luck_undesired_lower,luck_desire_aggr,luck_desire_degr,max_hp_desired_wave,max_hp_undesired_lower,max_hp_desire_aggr,max_hp_desire_degr,melee_damage_desired_wave,melee_damage_undesired_lower,melee_damage_desire_aggr,melee_damage_desire_degr,percent_damage_desired_wave,percent_damage_undesired_lower,percent_damage_desire_aggr,percent_damage_desire_degr,ranged_damage_desired_wave,ranged_damage_undesired_lower,ranged_damage_desire_aggr,ranged_damage_desire_degr,range_desired_wave,range_undesired_lower,range_desire_aggr,range_desire_degr,speed_desired_wave,speed_undesired_lower,speed_desire_aggr,speed_desire_degr,upgrade_reroll_desired_wave,upgrade_reroll_undesired_lower,upgrade_reroll_desire_aggr,upgrade_reroll_desire_degr,shop_buy_desired_wave,shop_buy_undesired_lower,shop_buy_desire_aggr,shop_buy_desire_degr,take_desired_wave,take_undesired_lower,take_desire_aggr,take_desire_degr,character,start_weapon,difficulty,casename
0,0_0,COMPLETED,Sobol,False,-42.0,-40.0,-18.0,9.0,4.497243821620941,2.073882207274437,3.7836954593658447,3.665778398513794,1.6885425001382828,3.1729721128940582,8,12,18.7060986161232,14.63938570022583,15,2,6.326170951128006,15.556392282247543,9,1,17.76119589805603,12.147068589925766,0,7,5.415255352854729,8.427845686674118,5,3,13.259217947721481,6.061405807733536,0,7,4.902752332389355,4.3251302391290665,8,10,9.806097403168678,6.6166494488716125,15,3,8.12033149600029,1.7778033688664436,6,2,18.110014408826828,18.956502497196198,6,11,7.68534018099308,4.40159384906292,12,11,18.111990302801132,19.31441593170166,17,0,6.28228634595871,3.090468481183052,18,18,7.649742126464844,7.953808382153511,12,8,14.596970230340958,19.592842638492584,15,0,11.091712236404419,7.798554837703705,2,8,7.079588621854782,11.400958240032196,16,5,8.379379913210869,15.509205609560013,2,13,13.761101990938187,11.3906928896904,2,14,1.9230880923569202,3.838110439479351,well_rounded,stick_1,0,WellRounded_With_Stick_trial_c7d9174e28aa5c1f4e51e14db987a5d3
1,1_0,COMPLETED,Sobol,False,-22.0,-52.0,-35.0,7.0,4.615636397153139,4.979242700152099,3.677607359364629,2.6948321694508195,5.700116207823157,2.784241572022438,11,3,9.324742498807609,19.873335661832243,10,9,7.17289596516639,0.5519676096737385,14,14,4.197653732262552,17.63628968782723,6,12,7.355096126906574,15.590448649134487,12,16,14.849766850005835,19.924284814391285,6,16,6.448867846745998,8.679853002075106,19,7,5.640655385330319,16.263897041790187,5,15,14.875650334637612,14.091655069030821,13,15,4.611059113871306,14.208214507438242,12,6,1.1587598910555243,12.310494435485452,18,1,12.324715805239975,13.846925581339747,18,19,14.929800017736852,5.2727824645116925,15,8,18.87063054461032,14.539326520171016,1,10,3.3654617271386087,13.548375683836639,9,20,12.99768529785797,6.091477406676859,6,9,8.803506662603468,9.41803060984239,1,8,18.56060204701498,7.297386747319251,17,10,13.257200302090496,4.165588895790279,14,7,9.837571777869016,14.638810656964779,well_rounded,stick_1,0,WellRounded_With_Stick_trial_2eb795dd43a765774060e4ff3d827f86
2,2_0,COMPLETED,Sobol,False,-31.0,-29.0,-19.0,4.0,5.624353968538344,1.4918767791241407,3.1272875694558024,5.245179160498083,1.6659266632050276,4.4487106977030635,7,17,10.071681543719023,10.387259633745998,6,3,1.8974508680403233,5.733846735674888,4,12,16.12832690635696,19.623762745875865,5,15,0.74571418389678,7.612935816403478,7,2,3.553571845870465,19.64908179314807,1,18,14.619720179587603,3.8305419483222067,8,9,8.784317426849157,3.5996624240651727,5,7,13.22922097146511,6.856519508641213,20,3,18.31864118995145,18.496760313399136,12,7,3.909983383025974,11.495731068309397,14,19,15.753128140699118,9.776062906719744,13,16,15.12244150787592,6.246989015955478,13,1,5.798136677592993,5.380117456428707,13,13,17.114634555298835,1.406139328610152,8,3,3.2963019511662424,7.208307163324207,1,8,11.991511996369809,10.282596511766315,10,15,19.634424600750208,6.667271634563804,10,15,12.304564719554037,18.59958874154836,18,16,17.241178886964917,13.509379690978676,well_rounded,stick_1,0,WellRounded_With_Stick_trial_dd3e81ebc4abc2a47d5ecfa2008c3ca8
3,3_0,COMPLETED,Sobol,False,-48.0,-51.0,-23.0,3.0,4.60414263792336,1.418946766294539,3.533701532520354,3.9472680343315005,2.1142126889899373,1.4959989665076137,20,9,9.272568255662918,1.399373217485845,5,6,8.590138226281852,17.110995132941753,4,14,6.562155382707715,13.791140464600176,0,13,9.047624186147004,9.516798957251012,11,19,2.3328140070661902,4.787713714875281,11,8,14.467073943465948,3.481172330211848,18,0,15.753762206528336,16.281522106844932,14,3,10.931915552355349,3.0305406702682376,0,2,16.536380666308105,3.316103278193623,16,16,14.528979918453842,9.513526401016861,14,13,7.296849424019456,1.1823090785183012,19,9,14.33898848714307,17.3194364560768,7,14,11.879125635139644,17.50344348931685,14,19,19.470659747719765,16.112913080956787,16,1,1.3230443787761033,4.571440641768277,3,1,18.347335619851947,11.871263211593032,18,8,12.849065508693457,8.31542274961248,17,8,16.109518411569297,9.773141017183661,9,7,1.7936799130402505,9.400295435916632,well_rounded,stick_1,0,WellRounded_With_Stick_trial_bc9ef3b67b3e5f72355d25e3872b08cf
4,4_0,COMPLETED,Sobol,False,-19.0,-23.0,-19.0,9.0,3.4280754290521145,4.311691265553236,4.182983030565083,3.923048809170723,3.7039512619376183,5.71775739453733,9,11,6.891514334362,3.9739576540887356,7,6,13.399889249354601,5.757879127282649,11,5,7.258945384994149,2.234619195573032,19,20,13.840102572459728,18.753962522838265,13,5,6.146609388757497,10.41287691751495,20,19,3.7406346863135695,2.6259054066613317,11,20,19.78329130401835,4.194072624202818,19,1,15.137573459651321,12.549623099155724,15,16,3.5045810439623892,10.358599291648716,19,18,16.134782595094293,10.445126975886524,3,18,17.053425882011652,13.146379400976002,0,15,18.443981098011136,10.729560727253556,12,10,11.298757575917989,16.057730085216463,3,9,5.122456923127174,3.789896901231259,1,5,1.2614911771379411,13.1888847486116,0,8,2.6222366727888584,7.156543935183436,0,11,19.493824580218643,4.876221579033881,4,10,19.98191731935367,19.28858874551952,5,18,1.3601635084487498,0.7501161959953606,well_rounded,stick_1,0,WellRounded_With_Stick_trial_7e0bb0308f445776bf0a035e03d876eb
5,5_0,COMPLETED,Sobol,False,-20.0,-16.0,-25.0,9.0,1.9322358667850494,4.813035911880434,3.1151142613962293,2.376386610791087,3.034431081265211,1.230620512738824,4,8,9.27547592530027,19.918925074860454,5,10,13.565751601010561,19.748224107548594,20,19,8.29674479458481,4.825636786408722,2,12,6.2673323336057365,14.593951834365726,15,14,16.574805066455156,16.836048832628876,2,7,6.2539911810308695,19.313158496748656,11,10,6.071813393384218,8.965324751567096,5,18,13.04052754631266,14.405042259488255,5,11,3.7396696945652366,19.48862409265712,12,17,7.305339030455798,13.979103735182434,13,2,7.324965650681406,10.897271756548434,6,7,6.230133223813027,12.668240609113127,7,13,15.485807301942259,2.0639553125947714,5,5,14.330280370078981,12.396811690647155,20,14,12.784994894638658,11.111201179679483,16,16,13.18766319938004,1.0095111755654216,8,15,11.581752774771303,12.990385731682181,9,1,17.608676932752132,2.0228812894783914,0,13,2.4591133859939873,10.279110584408045,well_rounded,stick_1,0,WellRounded_With_Stick_trial_bb0e6cab105b577a6d7470d9e153bd21
6,6_0,COMPLETED,Sobol,False,-24.0,-24.0,-28.0,7.0,3.119556125253439,1.7034119684249163,2.112580792978406,4.420964600518346,5.121216647326946,1.1949747977778316,5,1,15.10798829747364,9.218278934247792,6,10,6.0518418634310365,14.724235890433192,19,15,3.4251754586584866,5.536426887381822,15,7,13.442114448640496,5.941763012204319,1,9,18.519979156088084,14.520005800295621,11,11,3.7324835062026978,10.057934225071222,4,13,1.1892802976071835,7.991601186338812,4,14,17.512602865695953,10.021212108433247,13,16,10.081315679475665,10.453209798783064,7,14,14.809643090236932,7.765653097536415,3,16,3.1064887680113316,17.976915393956006,8,2,2.6369605152867734,16.710571392904967,10,6,1.6424794755876064,3.4239529469050467,14,10,19.776565328240395,16.820839751977473,3,0,8.548671494238079,6.1657503712922335,16,0,19.956950664054602,8.570515546947718,10,12,1.8725211881101131,9.376355773303658,7,11,1.9008432854898274,5.673592865932733,5,3,10.930785751435906,5.298894738778472,well_rounded,stick_1,0,WellRounded_With_Stick_trial_07e3d3b2786a563fc7144448cbed0dd3
7,7_0,COMPLETED,Sobol,False,-30.0,-46.0,-26.0,4.0,2.046515153720975,3.852597562596202,2.601858139038086,1.5349719570949674,3.4252373492345214,2.564670018851757,16,6,4.780004205182195,11.078116996213794,11,2,6.563790580257773,9.489117136690766,13,10,15.658419964835048,1.5771756167523563,1,8,5.0606264607049525,18.124868010170758,14,7,0.909168777987361,8.258947468362749,2,19,17.384354143869132,4.311104697175324,15,12,8.821474912110716,16.93316877959296,9,4,6.573321708012372,1.3123663971200585,10,15,13.45479354960844,4.255171170458198,13,19,14.201446289662272,12.830375858116895,12,15,17.255622363183647,7.246740353293717,14,6,16.21694004861638,7.3101010620594025,15,19,16.66932585928589,11.907995915971696,6,6,18.060826398897916,18.081544736865908,11,12,1.8164791869930923,13.104071570094675,3,12,8.321277025621384,19.219499778468162,13,9,12.584529518149793,5.748267438262701,6,9,5.172835608944297,9.971897190902382,12,10,6.389019398484379,15.441021976061165,well_rounded,stick_1,0,WellRounded_With_Stick_trial_a3dbfb2d754adb1850210d2e52e2196f
8,8_0,COMPLETED,Sobol,False,-71.0,-80.0,-31.0,5.0,2.053633503615856,4.946940875612199,5.643370253033936,3.763269506394863,5.891071785241365,5.356229589320719,1,10,12.776007137726992,9.52959350636229,9,19,9.062013543210924,17.48289440991357,5,6,7.263736873399466,15.060404121410102,8,10,17.301991037558764,3.6161666777916253,3,1,18.678928820881993,11.994875665288419,6,8,1.1194290313869715,2.4069875413551927,12,16,2.4715226902626455,13.42186707444489,4,9,5.663054831326008,0.6791123552247882,12,8,15.524962383322418,2.6139578949660063,2,18,9.812348928302526,1.3203256176784635,9,6,16.077473788056523,17.42603586334735,9,16,5.543744069524109,2.790870306547731,9,4,9.68944343784824,6.92698780586943,18,9,3.0441873599775136,8.58102590451017,14,13,17.638690126594156,10.631266231182963,14,2,11.6075149634853,5.2524220030754805,12,11,10.04504623869434,15.422282764688134,20,0,11.297672704793513,8.136936996132135,16,15,18.90123596182093,10.045040499884635,well_rounded,stick_1,0,WellRounded_With_Stick_trial_6d7c02566cbfa4b61693fa653ff6ac29
9,9_0,COMPLETED,Sobol,False,-56.0,-59.0,-20.0,3.0,3.741171489469707,4.884170930832624,3.7714713336899877,2.837150431238115,5.04040748719126,2.5501603251323104,0,0,9.433881474658847,12.076729197986424,13,5,5.578216372989118,8.661222083494067,18,15,3.9831026108004153,8.266263034194708,0,6,11.720794581342489,1.6709026196040213,11,18,12.125020518898964,4.6737623475492,2,5,2.499325498007238,11.981906790751964,3,6,3.8527671052142978,8.05643713241443,1,15,8.342378538101912,14.232897400390357,11,20,13.799428794998676,9.232232668437064,12,12,16.33276333939284,11.054617333225906,11,20,16.97507004486397,13.260722732637078,4,6,6.6167599754408,19.22195435455069,18,9,11.331331858877093,14.711548290215433,12,17,15.500216999091208,11.385269660037011,1,4,13.2374577797018,10.507736263796687,16,19,16.094458322040737,19.85569832008332,18,19,10.16083139181137,12.922467608936131,19,10,7.800224540755153,5.620446947868913,0,16,14.665577101055533,12.563673503231257,well_rounded,stick_1,0,WellRounded_With_Stick_trial_216f5808739c4ed0bf4338abcb5faed8
10,10_0,COMPLETED,Sobol,False,-16.0,-16.0,-25.0,7.0,2.1751606268808246,1.4983872640877962,5.590182616375387,3.1044471440836787,1.5842822324484587,3.441809428855777,4,9,6.30216919677332,3.0679393489845097,12,0,12.357404846232384,7.173382383771241,15,19,4.40193850453943,15.492817167192698,7,10,1.6618198454380035,1.5500891068950295,14,11,5.979040976148099,17.539040653966367,10,4,17.249891362618655,15.14195318846032,1,6,12.478203067556024,1.5437424555420876,8,5,18.4675681325607,13.769829757977277,5,16,12.365506120491773,11.10428482433781,6,5,0.6270547225140035,7.370412210933864,6,17,18.02012665150687,12.509697528090328,14,11,15.990895289927721,5.470775013323873,15,3,1.7621159511618316,6.778283841442317,12,14,16.1194707788527,10.052240290679038,20,5,5.235443934332579,1.6301274322904646,2,15,11.438859155401587,14.412603250239044,8,18,3.5619890452362597,14.606539277825505,4,18,14.721395161468536,17.468694760464132,2,20,7.961428486276418,2.536961429286748,well_rounded,stick_1,0,WellRounded_With_Stick_trial_fdf445888d13067369679a279fc22ed2
11,11_0,COMPLETED,Sobol,False,-37.0,-71.0,-24.0,4.0,5.677699678577483,5.501232164911926,5.443106930702925,5.432791960425675,2.8108443776145577,2.024907911196351,11,13,0.8241158588789403,14.371353684924543,8,20,3.5731270760297775,19.70868764957413,0,10,3.962822728790343,13.56594381481409,4,3,16.602443446405232,15.78009636932984,4,3,3.67038677027449,10.511299828533083,14,6,14.447792759630829,1.3847627164795995,20,12,4.758195438887924,4.404474695213139,15,3,5.7225829414092,11.646936590783298,12,8,8.67834022641182,9.510935401078314,11,2,10.857348346617073,19.079338740557432,2,19,4.700858064927161,14.64024683041498,16,16,4.626813272479922,18.69711309298873,2,19,12.939544835593551,6.812594641000032,5,9,6.930675590410829,1.073986393865198,0,7,9.830451222602278,13.762066928204149,0,20,3.8284725262783468,2.4461485794745386,4,12,6.080866020638496,15.304090961813927,1,20,11.907610979862511,5.364466196857393,18,0,15.1046945839189,7.470685252454132,well_rounded,stick_1,0,WellRounded_With_Stick_trial_a891a52e4492d5b207a831c6d3356f34
12,12_0,COMPLETED,Sobol,False,-24.0,-14.0,-16.0,9.0,1.689788474701345,4.15115733537823,4.419061964377761,2.9726452976465225,3.515903548337519,1.5901504820212722,15,16,3.248293993063271,16.106837624683976,7,3,4.833300803322345,13.627488081343472,6,9,14.721197717357427,15.631136610172689,5,1,6.094187232665718,9.986563881393522,12,9,15.609690696466714,11.227786606177688,10,18,14.15164615213871,8.5494281090796,5,10,18.55475316476077,2.949624052736908,19,5,10.86362722190097,2.538257365114987,4,9,13.205126215703785,16.21364553598687,15,6,14.435011758469045,7.67201826069504,15,1,3.4391324617899954,5.068182529881597,5,18,19.388942003250122,8.581403085961938,11,2,15.525163078214973,19.01194742601365,0,9,2.8414001264609396,7.462478899862617,1,4,16.592052078340203,9.078333701007068,14,4,7.9241608013398945,17.086449953261763,13,0,19.43774787383154,16.841800808906555,1,8,16.21184523869306,1.9252986055798829,8,10,14.579931740649045,10.695934462361038,well_rounded,stick_1,0,WellRounded_With_Stick_trial_9fc4af8a4520ac9022e513975b1adc64
13,13_0,COMPLETED,Sobol,False,-29.0,-38.0,-30.0,4.0,5.336474626325071,3.873853878118098,1.7928833039477468,2.4155320078134537,4.568548574112356,4.147131134755909,17,5,6.166881879325956,15.961456757970154,13,4,15.974907837808132,17.560939624905586,2,7,5.156917912419885,9.973151829093695,18,7,4.901360253337771,2.9265948995016515,1,6,15.357189116999507,15.838373146485537,5,3,12.893601250834763,17.255985179450363,16,2,14.712406242266297,10.096984300762415,19,17,11.604565269779414,11.85489727044478,12,6,15.19196933042258,5.5119828269816935,8,12,19.347239253576845,9.126980610191822,18,6,5.693401620723307,12.512132581323385,12,15,8.205007669515908,2.6614616913720965,12,0,18.489756132476032,18.4527285695076,5,17,6.745244823861867,7.219593095593154,6,3,14.806899103801697,1.3050551353953779,7,7,11.052107330411673,11.84554313775152,7,16,15.333470235113055,8.581452792044729,20,11,18.377779042813927,18.527663404121995,15,5,7.270373770501465,17.852148204576224,well_rounded,stick_1,0,WellRounded_With_Stick_trial_71b9e07015f2dc786490037c2e28e26e
14,14_0,COMPLETED,Sobol,False,-7.0,-10.0,-39.0,7.0,5.798823925666511,3.665895610116422,5.081457885913551,2.130330404266715,2.229744516313076,2.564191607758403,20,2,4.1003705924376845,1.5016635595820844,9,19,15.053202405571938,9.790603706613183,0,16,11.106098796706647,2.593228351790458,4,1,17.772269730456173,7.339598634745926,8,18,18.51081869006157,9.877228514757007,20,16,1.0381799624301493,8.216215855441988,17,17,2.370591211132705,18.72559084650129,3,0,2.4067886625416577,5.013965125195682,11,8,19.576459916774184,13.707646849099547,5,17,15.900327955838293,7.942679268307984,10,18,15.430024001281708,8.383662300184369,11,1,3.9416457945480943,15.264663014560938,13,2,18.239859082736075,11.871355631854385,7,0,10.191176909953356,9.987414859700948,2,20,12.981253723613918,17.04595941817388,9,14,10.427172764670104,11.559890179894865,3,12,9.308503828477114,18.494136878289282,8,1,5.364868403878063,3.5376749616116285,5,5,14.173785117920488,3.076393886934966,well_rounded,stick_1,0,WellRounded_With_Stick_trial_15e11e283b3d6d7046ecea728633903b
15,15_0,COMPLETED,Sobol,False,-20.0,-30.0,-25.0,9.0,2.38392242603004,1.7065815897658467,3.2865740163251758,2.5834258310496807,2.813143785111606,1.8932849671691656,4,20,16.800141844898462,6.575837831012905,19,10,12.031164392828941,2.5572330481372774,16,10,5.96053760079667,18.74771219631657,5,12,9.799942965619266,14.265805297065526,3,17,1.883674637414515,11.757724293973297,18,20,8.415198730304837,14.023963938001543,9,5,6.723531274590641,2.103254518005997,18,12,11.161765160039067,5.765203010756522,0,0,6.201866226270795,9.478412840049714,17,1,9.64452991494909,13.283462057821453,17,2,17.304117103107274,3.9634247589856386,17,1,14.551782897207886,1.8746324889361858,16,20,17.78560367319733,1.0730155361816287,18,13,3.3144178660586476,9.478924138937145,0,7,1.9261506735347211,7.789644627366215,18,11,19.832973904907703,17.515143832657486,5,8,11.84678159467876,0.796686019282788,10,14,9.98507455131039,14.622538915835321,2,18,14.542832406237721,15.93993818294257,well_rounded,stick_1,0,WellRounded_With_Stick_trial_631ffa9d7668e4838d13182e2b90ae46
16,16_0,COMPLETED,Sobol,False,-40.0,-102.0,-27.0,5.0,4.707201695069671,2.8220606027171016,2.8984536454081535,1.2973708743229508,1.70979293435812,2.121241059154272,17,3,2.3062051441520452,18.943681760225445,20,20,16.595187302678823,14.520390772726387,10,14,11.205895008519292,8.17968313768506,6,14,10.496739651076496,19.324836193583906,13,8,19.15578584233299,0.5141639090143144,7,16,19.484161804895848,0.7668518545106053,3,3,5.439261374995112,18.147806922439486,2,18,2.7327907192520797,9.442625568248332,15,9,2.3871306786313653,13.434783119242638,11,20,0.9296757788397372,18.412591407075524,17,14,3.5274507817812264,4.228260493371636,16,3,12.386603437829763,10.999663072638214,1,8,11.023235142696649,13.978797526098788,3,13,0.6499689361080527,19.912574264686555,0,7,17.223005929030478,8.52359496615827,3,19,18.399489468429238,17.154184143524617,12,20,7.405574933160096,13.237307971343398,4,3,18.65003282437101,5.506803823634982,4,16,19.441192558035254,19.929180236998945,well_rounded,stick_1,0,WellRounded_With_Stick_trial_ada5b1788d53b7f1515c8aa441c80d9a
17,17_0,COMPLETED,Sobol,False,-20.0,-34.0,-18.0,8.0,4.160367519594729,1.175858880393207,5.261927376501262,3.863080743700266,5.858180824667215,3.805216726846993,3,9,5.223343508783728,15.396491500549018,15,3,3.1426070565357804,13.594179212581366,17,17,6.442393216304481,11.26969184866175,15,14,19.044480157084763,13.839584372472018,10,1,18.6981371617876,8.06581333046779,5,3,5.448043642565608,4.648565849289298,18,15,1.5396560234948993,6.488593340385705,16,20,15.1097078518942,12.393477987032384,18,6,14.314556648954749,7.150216625072062,8,8,3.336920937523246,1.1933565777726471,17,18,11.105277729220688,18.729408262763172,15,5,0.7991958586499095,19.277011405210942,8,16,17.617616781499237,9.545590620022267,6,13,4.822846871335059,4.536399052012712,19,13,2.590206341817975,9.697809006087482,3,12,8.53102565323934,1.5146592031233013,9,5,6.946201013866812,17.48570617241785,14,6,2.191346155013889,7.084074990823865,11,11,15.79678644426167,3.5764424190856516,well_rounded,stick_1,0,WellRounded_With_Stick_trial_31db3b979a7964ae4796434ebc523bb0
18,18_0,COMPLETED,Sobol,False,-44.0,-674.0,-29.0,3.0,5.861095496453345,2.286164284683764,4.31918144132942,1.5168398609384894,5.945634515024722,3.657751743681729,20,10,0.6996957585215569,6.345253110863268,6,3,0.9487185296602547,11.534876506309956,12,14,19.489764808211476,13.253122314810753,0,13,14.493936203885823,4.567830839660019,11,10,14.570419118739665,15.706902137491852,13,8,6.661651596426964,7.493130972143263,3,13,8.07500970037654,12.766750891692936,1,14,10.409562246408314,8.809737375471741,19,18,14.588161974679679,13.12398318760097,2,18,4.338643773924559,0.6464289259165525,9,8,7.317096925340593,17.855542274657637,5,6,12.439151466358453,12.96321820653975,11,4,4.953349383547902,18.06820703484118,7,16,13.604147761128843,1.2732589514926076,14,9,16.40535354334861,4.993715680669993,3,8,7.107076793909073,1.0656220787204802,0,0,8.911940309684724,2.31298347748816,1,14,1.5663654790259898,10.658645002637058,11,8,3.07222881866619,16.67280544852838,well_rounded,stick_1,0,WellRounded_With_Stick_trial_e5031d4c30baddaf5f10a8c6742b70f0
19,19_0,COMPLETED,Sobol,False,-24.0,-27.0,-18.0,8.0,1.7206835877150297,3.998967505991459,1.8200564328581095,1.6323683261871338,2.8644359009340405,2.206817808561027,1,11,17.422545976936817,1.2062537716701627,13,18,8.105864719487727,13.931276531424373,3,3,5.931401264388114,14.558886090759188,6,17,4.395794981624931,17.91809484641999,8,3,15.450781512074172,13.739715662784874,9,12,1.0958288121037185,17.258333587553352,4,12,3.8939167680218816,2.0348712066188455,12,18,4.024294660892338,17.02061872323975,10,19,8.889990070834756,18.617285923101008,6,10,13.222466701176018,0.8297324646264315,19,9,3.602038854267448,14.02866587555036,2,20,15.511309064924717,18.667163607198745,17,2,6.965485702734441,8.575151252094656,17,18,13.754724647849798,0.5781194744631648,18,11,19.363287181127816,1.1403288864530623,12,20,8.076484447345138,1.8665117281489074,10,20,18.37323036417365,17.18217130145058,20,12,4.866499308962375,7.933415685314685,18,11,10.120463442057371,7.976082318928093,well_rounded,stick_1,0,WellRounded_With_Stick_trial_b3d966b63a9f98676e62e1a44297f1ec
20,20_0,COMPLETED,BoTorch,False,-39.0,-29.0,-29.0,4.0,3.256364679581761,4.718557254816885,3.2880550476670516,3.473536289811102,5.220046810737582,4.039852132082363,14,8,18.592594870907682,6.973656321404714,7,12,6.765969219309614,6.271021967733104,12,6,17.58623321245147,2.4852844849583953,13,18,16.10448562687381,6.951184427664619,2,8,17.73060363870872,11.776314837651146,14,8,2.758685881548125,13.165591541357806,6,18,3.158768101012093,17.798945796440137,5,16,6.152806375995152,3.9673083351618943,1,14,12.307972416452296,6.105059208939993,18,3,7.549026835825142,10.156104688876978,8,17,10.07325903544082,5.3122155427547195,0,10,2.060223411981463,12.012182822662158,15,4,8.86148434368663,3.894829803453788,20,10,1.4948813404598948,1.029582772730513,4,11,10.644332307348053,14.648245613374028,19,9,8.440029464225654,2.919184059249156,20,9,1.723663518979322,7.447115578553907,17,2,6.5014175913177,13.800929741636255,20,19,19.808341480999385,6.275815862348717,well_rounded,stick_1,0,WellRounded_With_Stick_trial_6fb3c18ee2b4694928dbe7861e86870e
21,21_0,COMPLETED,BoTorch,False,-82.0,-73.0,-16.0,9.0,1.2544816219349015,5.6778548773306685,5.516636088548101,5.01919126975336,4.371002679593053,3.634421378780259,7,15,5.858423413211638,4.039450497182294,0,18,11.151872679822933,4.194890728150158,6,17,14.08389494032727,11.6877574991128,2,1,4.829449118605265,4.028974615952576,6,0,16.607224436495503,2.828766440578463,16,6,0.623735192146053,2.7765865656076527,6,20,13.269989038086122,15.544620306723326,9,18,3.4393501473432777,2.9686060939515544,20,6,17.791464477378828,7.0730587782699015,13,10,14.622005696286932,15.891861637457977,16,1,16.182951981722297,3.3282277888785985,6,11,17.916064213695755,3.4111099870566597,19,14,11.77234931961858,9.326780181738568,17,1,10.514144010091657,7.076152962994777,15,12,15.912273001831313,19.838909746260835,10,2,12.145810619550435,5.7771189857537575,13,4,13.330328830226213,13.8646627629874,12,7,14.12387727319248,7.65395269399374,14,9,8.569286392286283,16.920784776846727,well_rounded,stick_1,0,WellRounded_With_Stick_trial_6e58981b1d0d952da9a87d7933a2bca2
22,22_0,COMPLETED,BoTorch,False,-25.0,-66.0,-41.0,4.0,2.9112938502803445,2.8877441436052322,2.9561341358348727,1.2427864912897348,5.897117032669485,2.887478237040341,11,9,10.587941414210945,10.678455591667444,4,8,15.05364554701373,4.949121606070548,6,2,5.555710286833346,5.748595658224076,3,9,14.288888496812433,8.498842626344413,5,2,10.139959740452468,16.062638783361763,10,13,4.527750611305237,9.19343597209081,4,17,1.3003172213211656,14.20889381179586,7,17,11.853129317518324,10.362519461661577,17,10,10.11322204489261,3.865542803425342,1,9,16.50015826197341,11.24950336990878,11,2,8.010308525525033,1.858992216642946,9,13,1.6477692415937781,2.2085485458374023,0,20,9.03514252929017,10.000330613926053,12,0,7.0218288279138505,14.970940999686718,12,14,15.8762121880427,2.373167864046991,17,12,16.85848608938977,4.148561556823552,6,17,18.739852787461132,16.09543488221243,6,7,19.972206490579993,11.046253635548055,18,3,17.569170440081507,7.326308931689709,well_rounded,stick_1,0,WellRounded_With_Stick_trial_2ff46d8a8445db915ab8381704058794
23,23_0,COMPLETED,BoTorch,False,-141.0,-174.0,-51.0,3.0,1.9942871819746897,1.690450840796371,4.3230741814934595,3.0787026781717346,2.1124238485750944,4.507440462832313,1,17,10.828226431575185,7.855617016208181,14,17,18.99188428658456,10.290400702951132,17,18,12.354128741260682,19.434132121491945,6,3,10.513974754910608,3.469396057761473,18,7,16.564966856787244,13.57487885980465,2,0,4.043585298471601,7.201658728063662,2,18,15.531569706928883,12.306821063685355,18,15,0.9259883766545294,3.8536566845720497,8,0,4.199357134784515,9.354413651353513,20,7,11.359599330822862,10.69192187617912,6,10,15.141914101807007,6.068223723579356,8,20,13.55520258808621,3.3011486560625847,15,14,10.920724106717074,3.976861335823896,16,19,11.661732821926476,8.27590162079171,7,5,16.25686518212887,14.191352211379765,4,1,19.59641385784562,7.2219740741433345,10,6,7.3074430000774555,6.379318351847886,11,3,14.989910184297917,17.59292008022947,13,16,9.135867543263936,19.734331103560326,well_rounded,stick_1,0,WellRounded_With_Stick_trial_4f9cc99da67dcdd2fa2962e32b553123
24,24_0,COMPLETED,BoTorch,False,-48.0,-51.0,-19.0,9.0,1.9928680351004004,3.656856030225754,3.250558752566576,5.722845093347132,4.6791700311005116,4.642071168869734,8,3,6.393959514796734,13.001282205805182,0,15,12.209300133399665,1.0052821449935436,10,0,10.144239385146648,4.727906782180071,0,12,14.606751105282456,17.79715744080022,4,4,11.326266269665211,14.24027972528711,5,19,12.070300695952028,6.9107993501238525,2,20,14.265339327510446,16.462268569972366,6,7,6.2826818698085845,5.03568590246141,12,9,12.488474992103875,12.725701676215976,7,16,9.76639490108937,8.542915304657072,17,9,5.952604422811419,11.924192326143384,8,8,12.031534128356725,7.021084453444928,3,5,2.4300614427775145,12.872468556277454,15,3,10.39918468054384,12.924066938925534,20,2,18.099432479590178,12.210444136057049,20,10,19.039661245886236,6.550370373763144,10,11,12.64598568668589,18.369990370236337,2,2,16.85770735470578,17.586014264263213,15,9,17.300809986889362,16.511141871567816,well_rounded,stick_1,0,WellRounded_With_Stick_trial_ed9ab04d62c1254d99a4fb3672c7336c
25,25_0,COMPLETED,BoTorch,False,-17.0,-24.0,-33.0,10.0,1.2023990917950869,3.796107903122902,5.443506519310176,3.9316191375255585,4.556029135361314,2.0896846000105143,8,2,18.692035862710327,7.79864475177601,11,15,1.0788142583332956,17.307102900464088,15,15,3.5397690096870065,4.498778557404876,10,5,11.590832570567727,10.304054974578321,15,2,19.871500877197832,18.71535006770864,15,4,2.487566967494786,12.98762692604214,10,19,12.709269484505057,19.687566723208874,9,10,0.7762748165987432,1.9138479912653565,10,9,18.103429996408522,17.588472781237215,2,5,19.017773461993784,5.459028196521103,14,20,16.578046349808574,11.057776348199695,2,16,5.486159381922334,3.5170791908167303,0,11,11.644219082780182,3.3190286364406347,10,11,14.537296071182936,7.334561194758862,12,8,17.26597230648622,7.934107938315719,10,10,15.604535520076752,4.0935576991178095,12,4,8.177926716860384,2.6453608069568872,11,1,9.422299503348768,1.4152247179299593,20,20,12.081163899507374,16.553964687976986,well_rounded,stick_1,0,WellRounded_With_Stick_trial_aa76d658aeeff1d56505b4d3cc202c66
26,26_0,COMPLETED,BoTorch,False,-22.0,-32.0,-28.0,5.0,3.172028631967259,4.856832372968669,2.8376862883369087,4.20184260921623,1.9511943712422606,3.7856224404088032,4,17,12.991530318562711,16.9587352555856,14,12,6.003643400925255,11.851721344824703,7,19,10.142712001038259,18.5075539172472,2,1,12.74005499578656,10.059419630758304,13,13,14.418946842962765,6.339992929577913,11,16,15.101159593895328,9.608204062488781,14,1,3.161073755431851,15.850244489607473,1,15,6.089479369535375,14.659264207097124,7,11,9.453668481579204,18.443134457863188,17,11,14.262505249722714,8.192401844615564,2,20,12.568372810461748,14.698722299865851,1,10,1.3101263954773157,17.080659194328756,16,5,17.126831614163045,9.898348841749387,16,10,7.511759891543776,9.096102999677669,9,8,11.752626976186042,5.081157860065624,12,14,12.345421694911392,13.843704666037821,16,12,19.720891471630857,10.48578818497302,18,16,8.508186084750301,7.419343260643634,15,19,7.930323061574978,17.566569487287293,well_rounded,stick_1,0,WellRounded_With_Stick_trial_bd1afdc9e198a722748b68fedafdb57a
27,27_0,COMPLETED,BoTorch,False,-52.0,-58.0,-30.0,4.0,2.4396128617227077,3.4235714972019196,5.190004272386432,3.4112129025161266,3.4878229154273868,4.8697455218061805,10,7,11.86301810387522,11.47704810090363,15,10,9.753004078753293,12.904183543287218,2,16,9.82648799335584,11.06778365187347,13,9,4.672234080731869,16.87131538009271,13,12,19.30300383642316,17.238326226361096,12,15,9.825776217505336,15.599025572650135,2,12,11.973241896368563,12.83052070857957,9,14,11.222696826793253,6.108346892055124,9,1,10.048884503543377,4.7098966357298195,20,10,1.0545123424381018,15.76590458350256,12,10,9.873812088742852,19.61176645429805,3,15,17.884119040798396,11.907690869178623,18,10,16.60145021462813,7.936548730358481,1,15,2.6458496772684157,2.8625202174298465,5,2,8.72003800002858,4.73102858569473,0,2,15.664450818207115,9.539601917844266,16,18,5.136594081297517,7.354926305357367,17,10,13.194763941224664,16.283713896293193,8,9,18.139732889365405,12.90581025974825,well_rounded,stick_1,0,WellRounded_With_Stick_trial_906925f55bfcc9d5664b80b33c5e19dd
28,28_0,COMPLETED,BoTorch,False,-27.0,-30.0,-27.0,7.0,3.1838087122887373,1.1730640465393662,1.8930596802383661,4.0265266029164195,1.3185787377879024,5.43723093252629,4,17,9.642930603120476,13.63703159475699,8,18,8.554496949072927,6.247391568031162,18,10,9.308222753927112,9.498476699460298,9,1,18.17607947718352,0.9321080353111029,11,0,19.833316744305193,15.81206446327269,18,15,1.6217913934960961,14.298712794203311,8,7,18.62978512328118,16.063430266920477,12,12,3.715776741504669,12.468785590026528,8,15,7.161669727414846,10.956178531516343,11,5,9.531849403399974,10.452590061817318,12,1,19.31259189825505,16.65330617176369,17,10,7.993886885233223,6.818243500310928,14,4,8.778593835886568,11.43258732650429,8,2,18.324275829363614,18.542334344238043,4,5,14.042314217891544,8.275079444050789,10,2,12.890653191599995,15.876239465549588,6,7,4.12230472266674,8.749246598221362,6,1,6.688026530202478,16.57532103266567,12,6,15.297239040955901,16.570934566203505,well_rounded,stick_1,0,WellRounded_With_Stick_trial_daae9312c244cb0970436f6121ba7aea
29,29_0,COMPLETED,BoTorch,False,-20.0,-30.0,-26.0,5.0,2.6879084705747793,4.506652499663644,4.461474566439373,3.561439869406378,3.185000129279015,3.9783150282649973,7,6,17.128831003376526,7.721812564931148,18,20,16.293288477317333,11.375506876925755,17,4,16.04718044878696,12.366515175755634,12,8,12.261957147687871,4.047102689998635,19,15,15.454293710979718,12.440484044828688,4,0,2.6909606786097484,4.838147441684314,2,13,3.588012581262165,10.496411786186645,16,6,5.963527739635942,15.194054897500314,20,11,5.462914911197812,13.693224804471173,18,11,4.919435132849514,19.841049147535298,10,8,12.89158317901561,14.90789235665054,6,11,13.506995645693705,10.61556487937203,3,17,7.645634801610509,10.565199972288351,17,13,8.709363157108235,4.411393452304864,14,5,13.075807741848491,1.8443636092739695,3,5,7.367239790109937,17.06833716984744,15,7,9.443643821963773,3.009248363301209,2,18,8.83961501702064,8.706482697528834,19,10,18.15016378357891,0.6471786216245258,well_rounded,stick_1,0,WellRounded_With_Stick_trial_2be41d4c0cd49fbc806312e5b620208c
30,30_0,COMPLETED,BoTorch,False,-67.0,-57.0,-26.0,3.0,4.7933185798007525,1.3488958399242161,1.7953083315833318,1.882650354170683,4.534846410774472,3.9804909996811375,4,4,13.419248132183638,11.14899571530539,11,14,5.517241000138866,19.815000728844925,10,11,15.383785752475076,17.435776418251347,4,19,18.266896719190353,7.464331128852686,18,18,13.425765196162,17.8782188312766,6,11,3.1372236975419563,5.555509898746429,17,14,18.66927739109987,14.581944599089155,9,6,12.371133505795871,8.542857416275039,18,7,6.147403040346215,19.414037686139306,5,15,8.657691772371587,12.330127717554458,20,7,0.827356556402326,12.46113201883063,5,10,9.689757241885715,12.591250269415788,9,8,14.101380564445064,11.676435733426732,3,18,10.278480667802118,2.389210415246573,14,13,2.215843853090724,2.8614794898117246,7,6,7.4256799737332795,10.657728027330831,4,2,19.65893253850581,7.258848592851339,8,10,8.432716764386207,13.415009600149212,2,16,4.437436279221761,19.53375676100149,well_rounded,stick_1,0,WellRounded_With_Stick_trial_e5a1f8abd4734235020ff3abc5ceea40
31,31_0,COMPLETED,BoTorch,False,-89.0,-83.0,-30.0,5.0,1.414984452619246,3.197396962274243,4.7625569235499405,3.8685489820290466,5.403871807521459,4.116437373402707,2,6,10.911944635557223,1.918998346658714,14,10,16.851643436750635,11.47043220696248,6,13,18.760542321731528,17.004702681143225,6,5,14.552151409736757,1.8982199169208858,4,10,16.92689045958072,5.502568214042645,11,11,10.998084578337934,5.13400748581303,7,4,12.478627661188082,9.73309224619036,11,8,6.0367125763176395,5.699871693347453,1,0,7.047922555281012,6.234457890478564,19,18,7.977924275995255,19.695041235445427,8,13,18.542265737215736,3.4774376757314953,5,11,15.223233236227047,8.427036137557835,16,2,11.778735516252258,8.291917423083678,12,7,14.56733656292808,5.438656334780819,6,1,16.731488836578936,6.5220621433339705,13,5,3.8723626637893935,10.254500843386296,3,7,5.586887080516402,17.929480159645312,15,0,6.7154375140818745,6.5710451373956005,10,8,7.9471056178948665,7.037410067253503,well_rounded,stick_1,0,WellRounded_With_Stick_trial_783543d6cc3af8ec5683ac181b28cb64
32,32_0,COMPLETED,BoTorch,False,-30.0,-31.0,-18.0,9.0,5.282056423276495,2.2859579418190403,2.4506003233677567,1.0051183381190005,5.390899568508751,4.455559163886766,16,15,10.005517390880696,6.889342908724951,3,8,4.1608634910122415,16.09540631615649,18,1,2.296115893183398,17.818601169775352,5,20,15.507190812779605,16.13106054607927,10,8,10.68470022165298,8.406639740965339,19,6,5.769115000103744,5.334998017378631,3,13,4.235123624889999,6.9717203846095535,10,13,15.519609774726318,10.732280443149536,17,16,8.639762360687815,17.08760107461723,8,18,9.723997442417428,6.7825561821440274,3,8,11.912557450730135,9.978168726546587,2,4,5.86861341131896,14.187751235164521,10,14,1.493004457906014,14.077361295073176,8,7,5.893366640594539,17.78857789002735,7,3,11.54705279145816,0.9684982816486427,7,16,8.188572556634224,17.449334893053205,3,8,15.986556445097683,1.9972816931973931,1,15,13.6684874184097,13.653100878612793,6,9,12.293899728423995,9.725899001339018,well_rounded,stick_1,0,WellRounded_With_Stick_trial_6865b468d1d41f699a89a18eeb72bdf0
33,33_0,COMPLETED,BoTorch,False,-79.0,-106.0,-24.0,4.0,1.9661882775053678,4.024071908899312,5.384779750095568,5.5211962834338175,2.1797408342606377,5.4480540801384345,12,16,1.7358964191183366,6.311855881218071,6,16,10.471652211741437,6.7327850248317,4,20,15.39926753926168,11.224420621888,9,0,17.058921872553626,15.120578773969443,16,14,12.250204935636551,13.447537149732746,8,7,1.6588238671560225,10.792956984940522,4,7,14.636338770862093,9.266435850609271,11,17,4.910077742429069,6.412567318558024,19,2,16.22409767136549,14.910914475769756,18,5,15.787877099414068,8.41322151216415,13,18,1.7259665779623445,8.535865431966311,15,5,13.78317498124588,11.02960959092597,13,10,15.36787579101159,5.3010799654663145,16,16,17.322778029886607,2.1170634980600003,11,11,17.570244654285855,14.80026402192438,18,8,18.057476965294764,13.573737601997786,7,6,7.151772223797851,3.6864510225467733,4,18,17.938020502978194,12.274012046872652,1,7,16.43403528077478,19.68056399761978,well_rounded,stick_1,0,WellRounded_With_Stick_trial_d837351672d86b232adeaf17d937c746
34,34_0,COMPLETED,BoTorch,False,-33.0,-81.0,-28.0,4.0,2.256818803271222,1.7647388110151458,5.469681749645863,2.913596488374663,2.382701694356273,5.578110310562427,4,13,14.285901724830993,11.42014987272304,15,8,10.598139825960741,15.953555919579676,10,10,15.284002899112934,14.741471304064,8,8,18.35893179867355,7.072218148571204,18,6,6.666609851944227,14.335881522613068,10,2,15.994136274264399,1.8949319367686575,13,15,18.761061063555953,2.7354905741710294,19,14,9.620625444914566,7.816732113804615,12,5,1.7411012648115676,2.370323527925086,0,6,17.514781562501792,13.242315326631584,4,17,4.341479385456347,10.983027274605325,2,5,14.187082579159574,8.929638998574069,14,10,5.11987009332376,4.914376129827526,13,16,15.478458718437196,16.772180830479567,12,4,9.278391726619065,12.417209952826369,14,14,4.125347909990606,5.239868827808983,20,0,12.770730765987874,12.567363126418272,5,10,13.810540093643977,7.087661766597588,10,6,2.0926838092042592,14.148681268723553,well_rounded,stick_1,0,WellRounded_With_Stick_trial_36e68becab0a1b49490c816f4bd82562
35,35_0,COMPLETED,BoTorch,False,-44.0,-46.0,-15.0,8.0,2.085374318063259,1.528273624368012,3.6435262197628617,3.673391089774668,3.42835343349725,1.5500559089705348,15,18,4.942837409675121,0.9604821996763349,13,19,5.784060194622725,19.39771571708843,10,18,8.419071464333683,13.357895146124065,9,14,14.467882697936147,4.056760887149721,4,16,12.891402723733336,12.359725940506905,11,1,17.363930628169328,1.4936198005452752,13,12,8.887452118564397,9.94619754794985,18,13,5.8554243999533355,1.3320097252726555,1,10,3.971699414309114,10.636370702646673,9,12,6.416725899558514,16.502005777321756,7,13,17.425453247036785,1.2669782601296902,18,12,8.981573428492993,0.6645716642960906,7,1,11.460790543351322,12.626772896386683,8,14,3.7051029368303716,8.578885419294238,0,7,13.723723924718797,17.594960051588714,12,15,8.007295051123947,8.549322213511914,13,5,3.221909415908158,10.1322127468884,13,8,17.69099830556661,8.602890315465629,3,5,4.2399474340491,19.093419146258384,well_rounded,stick_1,0,WellRounded_With_Stick_trial_c5b06babe8c2016f5caaa069a4ffd8cd
36,36_0,COMPLETED,BoTorch,False,-37.0,-34.0,-23.0,4.0,3.9235146241262555,2.1171605391427875,2.7332020262256265,1.3103992948308587,5.203233690932393,2.053971010260284,11,14,12.555872753728181,7.6401600213721395,5,2,10.092886500060558,13.622207886073738,11,8,17.846296743489802,18.543421667069197,4,5,13.238127331715077,5.31081415573135,18,18,5.088991817086935,6.75584202632308,19,15,8.841756301466376,10.778233206830919,7,5,16.27440124284476,7.3487986186519265,5,8,14.904353300109506,17.188096222933382,14,2,9.715810362715274,18.635633061174303,11,18,4.340256633702666,10.415152137633413,18,2,15.335217030718923,16.056032596156,2,7,8.838879614137113,4.291474517434835,16,4,18.60823694616556,3.409325447399169,3,20,2.256686063017696,1.9118114039301872,11,6,6.815551689825952,12.380373415071517,3,3,19.834244488272816,14.730568721424788,4,1,6.677010267507285,7.170635927468538,5,18,11.241482366342098,6.223053112626076,3,19,10.074626206886023,9.460016141179949,well_rounded,stick_1,0,WellRounded_With_Stick_trial_4edc32e34985307949539f09ce0c2cf2
37,37_0,COMPLETED,BoTorch,False,-21.0,-23.0,-23.0,10.0,2.0617648204788566,1.2193477377295494,4.292434522882104,5.087866633199155,1.9222991252318025,5.9974470073357224,4,5,11.072636868804693,16.116593528538942,10,10,12.511204347014427,15.017381627112627,17,8,13.576051801908761,16.393535972107202,2,2,4.680985020939261,10.632825262378901,7,19,15.960218192078173,12.708738372195512,10,6,4.642443229444325,19.140754592139274,6,17,7.04739626031369,17.590832158457488,20,5,8.594253116287291,15.892540663480759,8,5,6.494845737237483,14.859837262425572,5,8,4.63325261650607,17.13647822663188,14,1,5.0605611726641655,1.6994332210160792,4,12,8.165217941161245,0.9718404118902981,19,4,14.246265993919224,17.396483263466507,20,6,13.55270071234554,5.575605759397149,3,3,11.154852963518351,18.371868177782744,6,2,4.817038396839052,12.355417038779706,6,6,10.856386206112802,17.862887224648148,18,4,9.511993920896202,19.630535522010177,16,13,6.095986240543425,11.211915564723313,well_rounded,stick_1,0,WellRounded_With_Stick_trial_45053df7a4dd78a348cb7f8a99d32d35
38,38_0,COMPLETED,BoTorch,False,-12.0,-10.0,-24.0,9.0,3.6743875034864977,1.3005277746661457,3.7848312118945886,3.716455543835701,3.075657773258226,1.8527963994434937,0,10,14.376874470744124,14.28302933771833,8,19,12.771809046609912,4.789705984173787,9,11,15.633110834933655,18.968912253220005,16,3,19.01717998353521,3.1772451496869007,14,10,16.121419858362515,13.457364791468915,10,9,12.986803003274664,12.261324055555557,19,1,10.802502766117865,2.860624149415966,9,2,8.054391240651439,5.946386718999652,19,1,7.9623832619947645,0.7853839315796132,14,5,12.159918533426646,9.610354515199523,6,19,13.90025645072355,2.3588633467363973,13,20,15.214828707265067,3.273723081304534,15,6,16.54155737119133,9.215825921538132,9,7,12.47737277465854,8.645254255226723,8,6,3.134981166002467,13.555173976882443,0,9,11.134214543160347,10.27837116557066,5,2,7.98018953954045,15.62756412128316,3,1,5.311958918469969,2.9329688081748024,0,8,1.811744224577371,14.953438254505423,well_rounded,stick_1,0,WellRounded_With_Stick_trial_cfceb2f89c89d9f015e4d82b16565ea2
39,39_0,COMPLETED,BoTorch,False,-49.0,-74.0,-28.0,5.0,2.773541398665491,3.597459754867655,5.939810730733653,3.884222655698774,2.6619238310964572,4.019322452620493,2,12,13.506167204132957,19.932728373170423,18,6,15.195206582288874,17.640702912541645,16,17,16.08245861495946,15.860598001593175,8,7,10.880395385055014,5.060039620066112,14,2,8.336289639153849,15.169665303531549,20,5,6.87210776039108,7.797935905779204,2,15,9.171566739504874,4.649616279094514,16,2,13.622870076669352,7.944897034301921,17,5,11.06388986296302,15.909607127687032,20,8,19.17894618205289,15.319515890749582,19,5,14.191171886657896,5.410997395715098,10,1,19.298528327108677,19.541307089077023,19,9,13.679248867144857,2.838272270852556,10,20,5.032506015728107,1.2235428514906141,3,0,19.349629821244015,3.723070138012273,11,1,14.878390663846302,16.610891660163304,17,19,8.72304107364917,7.686710429658851,9,8,16.249757735397758,16.888828991892076,18,20,16.46438466269077,16.125102674034835,well_rounded,stick_1,0,WellRounded_With_Stick_trial_836032d19c21b0c3d6f5088124dcb5b9
40,40_0,COMPLETED,BoTorch,False,-11.0,-18.0,-22.0,7.0,2.942944648109731,4.637032601278864,3.698533282456481,2.382044875511774,5.249168439610915,3.035271020780052,4,6,14.123110481256518,5.828437232245447,18,14,15.042480990624787,5.8154006532274645,5,19,14.332582033141259,18.608377878549213,2,16,7.922487009885607,11.092341969781655,13,13,15.295453811216081,10.394747090244522,1,3,11.229180448870341,6.712665750632087,12,14,7.577456967916877,6.3944674885309585,17,4,14.420273816109095,12.490791343754383,11,5,14.47707975000853,12.25538546942185,17,9,9.57331419691705,15.942210806829399,5,7,6.086555557876602,10.791654350940734,9,16,14.126580655047565,8.998655511653203,7,12,8.756384431310378,16.938130556037635,1,13,4.986104809744834,3.723965661753104,4,0,4.737403553536061,4.29836239894728,12,9,11.80648792539067,12.624455464725143,1,16,8.48458038900819,13.957592566319079,7,19,12.405651280937597,19.292367690089307,10,14,10.016115174794155,17.663761269440364,well_rounded,stick_1,0,WellRounded_With_Stick_trial_4f70d50a1a268a687eab52116e8584a7
41,41_0,COMPLETED,BoTorch,False,-15.0,-33.0,-21.0,9.0,5.198218086326145,5.211881656929208,3.7144543499880145,3.013297107082349,1.7216995738991234,4.924486069987415,0,20,13.375615556967364,14.648160987900457,13,19,19.462849735435007,11.961260194705307,14,6,19.273579907021066,14.850164012879947,4,5,16.333898273339138,5.519898756291818,15,16,19.067217630282567,15.08028190943546,3,6,2.2312366406688158,4.024266251313074,5,19,10.647032269283352,11.158977810414365,13,1,1.6472921716354354,9.474361612869865,15,5,0.8506203135071594,4.354317607717694,11,12,5.384814901543406,15.131040969875068,5,10,6.395690263048977,15.859137513334517,6,15,9.141453218859631,1.3394143028229322,1,14,15.86633123043113,15.967716236494427,20,17,18.25353723017436,15.597725550325483,2,20,14.175671782069468,7.48370478409294,11,1,8.039795697378862,5.034998791037448,19,1,4.096471328632909,12.606315416289954,12,17,7.82142063530243,16.343431289209136,8,13,9.14631002435596,6.878394713910049,well_rounded,stick_1,0,WellRounded_With_Stick_trial_e2b3271c5f7c84c66b51338d0616e261
42,42_0,COMPLETED,BoTorch,False,-20.0,-23.0,-21.0,8.0,3.6669990789478266,3.167126809623465,4.976320416915046,4.860563958680479,3.93310094084235,5.1891106118925645,0,0,7.255316957365596,7.701617965602046,8,5,12.417819745013917,17.421783308204734,14,6,13.090963939598186,11.137593184461943,0,10,18.361731272998515,12.163614854027346,12,6,12.783907988221253,14.68697437350687,16,5,1.8797007171843994,12.517285623250483,11,12,16.828721932268298,5.48985245592833,3,15,13.192920806867743,3.917768349210794,17,0,13.489517811250481,4.389925839700832,20,13,11.107458430725384,16.463917423912324,2,6,15.320667010897886,11.707775972971161,4,11,8.215131821273996,9.776292136914618,5,12,9.718666579609833,16.2621598218756,7,10,11.194040411011457,4.838664162802269,16,5,3.1675736076884857,7.538465154250986,19,6,12.526121512421659,0.6113732236362663,2,0,9.629665906325314,18.697286609315366,13,14,4.8627084395145195,8.521884121097063,2,12,5.7678347796221505,18.09629785877413,well_rounded,stick_1,0,WellRounded_With_Stick_trial_f8e687c57805a12970fb1c6da16e296b
43,43_0,COMPLETED,BoTorch,False,-28.0,-33.0,-17.0,12.0,1.7596020382983584,4.690830131269369,5.543301148058,2.9583427916231715,4.420581733705465,4.598128825400779,9,8,2.563523974751899,14.760168979593566,13,16,2.6100704925624596,10.929534244221486,5,6,14.095117434086234,10.020773249725284,5,6,10.930164717601594,14.975289750932465,15,20,13.026161058376422,16.11021236692187,4,6,14.321711090590735,7.25601937558112,5,14,14.500614149213172,19.84637180123807,7,17,9.661999551780037,6.917545610184252,6,4,12.37237501243963,7.299991955040622,18,3,4.499921124251432,18.07632557184255,0,15,2.555773543358881,9.592211013295433,9,18,12.280344611720016,5.105201558779828,15,13,15.018211963316348,2.1195268736496846,15,14,13.685903105592347,13.992851268371654,9,5,18.62017815212669,6.9691369711105855,5,18,13.529671761949038,6.272673039879377,13,10,7.4246483839763195,19.336267691577532,20,0,19.834753660761514,7.965467759199879,15,11,17.05759351982662,17.366993010405512,well_rounded,stick_1,0,WellRounded_With_Stick_trial_333182ded53f6f6cd6a65d057fb54a88
44,44_0,COMPLETED,BoTorch,False,-47.0,-55.0,-30.0,4.0,3.808358658524133,2.900489464542009,4.852098549642921,2.5171644508216886,3.480967174194477,2.2182990276096923,8,8,8.851693014560496,5.571257477503857,7,12,4.398028189444973,6.581551997184634,14,19,3.094717568948256,16.744444395603914,6,11,12.942159869534475,9.501068817304011,16,3,7.569372693230839,5.867314890449256,0,8,4.386640020604759,16.853070141619195,4,15,18.264769050059673,9.611319027242454,15,17,3.203484917682931,9.42045097373883,8,4,10.309729971087295,11.551982673226057,4,5,13.032667017228462,18.175449683251944,11,11,11.011377752282662,16.640652310079247,0,0,19.609713090041613,10.707918698835472,9,18,0.6143361832238985,3.403942816391016,20,8,8.946441501460301,6.278566396217876,14,8,12.073140679242107,8.792226090515395,8,0,17.433400297388978,17.775518874097735,11,11,7.556726824569796,9.02008376747388,3,5,9.277812551321992,12.813377175183575,16,12,11.105610442080506,6.615455355161048,well_rounded,stick_1,0,WellRounded_With_Stick_trial_a136ce585a0260d968e3e279fad7a9c7
45,45_0,COMPLETED,BoTorch,False,-36.0,-41.0,-28.0,9.0,1.4414774987783783,3.2396073844073254,4.9544277657637785,3.833278142553195,4.926364049442142,3.8504700050343637,2,8,11.03816812609869,2.7862031034348322,13,10,16.40397231552029,12.125599392055934,8,12,18.71166832065606,16.557192980860233,5,5,13.91824350357865,2.251052283065894,4,10,15.59772022171523,6.413214082215099,12,10,12.223463736718811,5.131927492467058,7,5,12.518103026263955,10.65268065657454,12,8,6.865755037903378,6.4600586550898615,2,1,7.798298352041612,6.225554061397791,19,16,8.415223013087116,19.039501069461682,9,14,16.61601182694323,5.7812524130382315,5,11,15.787038851455927,7.698745541545181,16,2,11.509066456393423,8.505500596117876,13,7,14.338037592207622,5.216413811241543,6,4,16.36099880339303,6.633800603396019,13,6,4.393698625659404,10.190428810364638,3,7,5.3952694201929,15.578838635479588,14,1,5.958790074951112,6.153718798772887,11,7,8.520672409706497,7.552339458867169,well_rounded,stick_1,0,WellRounded_With_Stick_trial_a1bf75e6d09584a20c185eef3d508778
46,46_0,COMPLETED,BoTorch,False,-28.0,-61.0,-22.0,4.0,5.117230594821544,5.598256217349446,3.243286415040683,3.060371569053258,5.86612248268873,2.755622089402282,8,1,8.624552489502875,12.702431657934836,5,14,8.579218336360686,7.772063923246406,5,18,8.580837408337251,15.404147175084157,7,13,11.290849972841148,1.568754864397349,12,11,9.586657432903511,1.9021630249961592,10,1,4.1638283065025306,17.52859694038071,7,3,2.274472618111532,10.018833742884134,2,14,17.69277953730354,13.193348646441166,13,13,19.859019334184552,15.050207501318802,18,2,17.59524522741338,5.73812672895336,19,18,11.497395528403203,5.709381871854313,9,13,18.51154788812989,7.65960950024634,3,11,12.037886068967152,10.580852244016251,18,18,8.80594062257608,6.646002010190476,5,17,9.749583656062848,12.679889377324363,14,10,7.619064313983269,13.79643939227777,20,19,19.90957310735647,6.483145967905129,19,13,16.987766010221282,8.728411853664616,2,11,13.781005464709873,10.59077142990508,well_rounded,stick_1,0,WellRounded_With_Stick_trial_021733cdd3eda9e99a9e04287f28a0c4
47,47_0,COMPLETED,BoTorch,False,-36.0,-38.0,-31.0,10.0,1.7529061625894786,1.9110621889703168,4.919131691398565,4.316235031340858,2.3302333458064886,5.658565078839619,6,16,0.7597552534771335,17.019322690614747,20,12,6.816937252400267,8.803229839198725,5,20,18.10297562865731,0.5404207702492771,12,2,15.787802803538561,15.90201999912884,13,9,1.684532063850189,17.65081063712646,15,8,1.1845958922257456,7.253232559339717,18,4,16.299375093619076,8.854546794244706,5,13,2.418224304673926,8.949137150535138,9,7,17.47303242706188,12.82763729296613,20,16,9.51643975988418,17.495600934111785,3,14,11.485128557085577,5.154807363803099,7,1,18.49487862071282,4.898066453133895,8,9,15.876540300665791,13.982976727630145,10,18,10.954780324849866,10.667263953057732,13,13,16.57243707838566,13.111468079478628,20,18,9.863400137070464,17.1635766327209,2,1,3.356669631893532,13.739877789896314,0,20,13.794568198552764,17.337215527119486,9,12,16.416613366608033,3.126540395926808,well_rounded,stick_1,0,WellRounded_With_Stick_trial_03cf8bec61d099ebe058d412d7de691a
48,48_0,COMPLETED,BoTorch,False,-47.0,-33.0,-28.0,7.0,3.1646936888838937,3.0202784243843417,2.841668961482829,3.987184633345609,1.1010170656256877,4.735643608270124,8,3,8.38516343836459,16.23531753553587,17,19,18.485285908868182,7.297688622241895,16,10,16.055501415003796,19.589854876368797,12,3,11.770821471707126,5.656733238412088,14,7,3.87513014357102,18.283508995851346,2,20,8.953164923703325,18.943263508547535,4,10,14.855058327821338,10.097420952502754,17,1,18.123264009386848,4.883388265895407,10,1,18.490047617113202,3.53041494925329,16,15,6.252673526666685,11.419776144664898,19,14,11.33390855307051,4.183138364490454,9,10,15.961347985557923,7.402571963101363,9,4,4.359672905074587,4.890096561364346,12,20,12.395256942688889,15.801524770144344,0,13,16.57782895507426,12.927696909767388,0,3,4.79115235769643,12.178335683931982,9,8,2.195404353037678,10.375066507034335,4,5,15.702106229413783,13.50973988863752,19,10,16.258714507968236,15.018057530039286,well_rounded,stick_1,0,WellRounded_With_Stick_trial_fb2647936bd0c288ce6064c2f0b4e90b
49,49_0,COMPLETED,BoTorch,False,-23.0,-33.0,-21.0,12.0,5.94086928551999,1.8044823889909787,3.104233533131285,4.206882324839382,1.6191413715716867,3.669573974898278,8,10,18.576702569390818,7.626810521078112,11,14,16.166510495666653,8.329358398418652,14,19,15.474428655106554,2.042513779188489,16,17,2.6566427376795105,5.097965005769211,18,12,17.759726556275833,11.906855915843739,3,5,12.616295238623541,1.1352113208505386,1,17,6.022461931087728,12.663619612148565,9,19,18.324083664834276,8.326848056621657,1,9,3.169128634760121,2.542374033985171,20,6,12.30238695146156,4.964152311913465,8,6,13.079047972402712,16.93038719506316,1,15,7.164031310745084,0.6923095888914347,11,14,17.942600869258673,4.878764590130479,8,15,16.787417540852136,3.263814236347943,0,6,6.57197386201121,11.590216342008649,8,10,17.42904386002932,13.710784302484333,11,18,15.34547107519503,10.417329421650901,8,1,10.658116537229315,6.3760963043832595,16,13,0.7626825056829074,12.121658111668474,well_rounded,stick_1,0,WellRounded_With_Stick_trial_14c93883944b1056e4f34311f598ab5d
50,50_0,COMPLETED,BoTorch,False,-20.0,-20.0,-18.0,10.0,3.366464091231401,5.057210130410297,5.99320255398597,3.416590355796248,5.399560407716136,2.195746464004305,14,5,1.834942807939814,3.6936244983296476,14,8,10.133844011147202,8.011570957368004,11,11,3.1459246247720523,8.703930695595938,1,4,8.033442287996278,4.965346933543259,17,16,18.828494353888832,7.62833498309609,10,2,14.335519177118703,8.315872880349119,18,12,10.207436769381989,8.454059397502292,10,13,15.66022737843951,3.492930970856807,11,13,19.987091331324443,14.635357923881733,6,18,8.376051574882224,3.6213320102531714,4,8,10.939630215735646,12.255285628736136,4,1,8.200057182118455,12.852868579714793,7,13,0.58293688400482,1.2363821072039007,15,1,6.330768145969199,1.1323025244883769,15,13,16.370035655078524,5.12911773221046,13,6,5.106165446612176,6.495791761168742,0,7,1.9641062322582181,8.338111439029445,3,13,11.043199715705859,1.7194681143774477,12,10,5.419714280786177,14.575851569901722,well_rounded,stick_1,0,WellRounded_With_Stick_trial_a96e3cc762d7e2a6bd5b05a7acfc1d42
51,51_0,COMPLETED,BoTorch,False,-101.0,-110.0,-18.0,4.0,2.217217485490781,4.910654170387063,2.7416565751012474,2.7892469299724683,2.997906951532313,1.7312775062636476,12,17,12.51742446533708,1.7847013144682724,16,15,13.579431900521222,15.439035596603496,2,18,13.614276372740273,14.922589106263738,0,1,7.210593846051754,5.121053505055567,11,3,6.675918074581924,16.119583191999922,12,8,9.245315741305056,9.540320226094064,1,12,13.550414438730092,10.244685890663833,3,15,5.244486597471219,13.95460732922193,7,7,5.715924910797009,12.394444577072836,15,7,8.336546551481474,5.712860872613918,9,16,7.151971924508658,4.108509982821573,6,3,12.530074822946377,8.837045891933455,17,1,8.433964806387408,14.202273565696796,15,11,6.859088412142835,15.837696216830077,9,16,15.79630340777006,14.254721475376833,8,7,12.076661784819692,13.670249705544371,4,1,6.291521692740013,7.591115416608286,2,11,5.676281793267252,6.542381923154324,12,17,7.250598854613627,17.58878679200011,well_rounded,stick_1,0,WellRounded_With_Stick_trial_4c9b1a8c3992e22e01eea72d5654d377
52,52_0,COMPLETED,BoTorch,False,-91.0,-99.0,-46.0,0.0,1.828752337115395,5.993527434313955,4.445157027949227,4.155868335941547,5.023551714191711,4.478328302801834,8,16,4.397122424229895,10.1142238669548,6,0,19.02873469655751,2.0438463464695946,10,12,12.804027709886377,8.582775570920024,4,7,13.964835352612532,8.71218756858862,15,5,15.225729140255627,11.679044584544485,8,11,9.28702987340492,18.845551058182064,5,0,14.35816887596225,11.51569173887991,16,6,16.141030690096848,11.497072289627361,19,7,11.598901548876318,6.585147266057959,11,0,10.983979248177704,14.037410780863032,11,16,12.915679562468215,14.58264891265159,7,7,15.695865241747422,11.454105653200067,9,10,17.130666132287594,6.4301798721061525,14,19,17.241362844001085,9.885562632410672,0,8,11.982946664965423,17.487475467256463,1,12,15.431334261711223,13.475805433817326,2,4,2.0236600231701654,2.8454089314736217,14,2,14.828126587204176,13.196742331335573,2,16,18.57018782335251,10.614843747943718,well_rounded,stick_1,0,WellRounded_With_Stick_trial_9cb985f539b452d94f3e537ade2081b2
53,53_0,COMPLETED,BoTorch,False,-42.0,-82.0,-43.0,3.0,3.6728896438425664,2.6160958872812436,4.237162915188486,1.5417779953073503,1.3826852497939761,4.293929007054439,6,14,18.077049894730823,11.963474429844016,14,6,10.02703971499764,18.84416714305567,8,20,9.249261038574627,11.242244424175938,5,8,4.30763307568672,14.570352475057,3,8,12.475201767221815,8.458297713869488,0,8,9.052092341095024,16.189471281936267,3,12,15.817408252540519,11.553576155756367,4,6,10.282537099644435,1.685295433000976,10,0,9.843111635967162,1.9897321130011982,14,10,19.387836635104858,15.24013115973072,4,16,15.807127264768983,10.615985882725331,11,20,13.289750909981654,11.67012357521933,10,11,9.04453886255773,5.563466867012516,16,0,5.8700289649846145,8.957613943732563,7,10,18.095499314712793,16.730199015507264,4,0,11.736182221234683,9.300630981787629,13,12,14.502130133498989,5.053716561689632,7,5,17.661404299465666,5.974490566919566,11,4,7.5391552743126375,4.622038236779356,well_rounded,stick_1,0,WellRounded_With_Stick_trial_aac6858c7d8e17fa9cbc678adcd9242f
54,54_0,COMPLETED,BoTorch,False,-50.0,-58.0,-23.0,7.0,1.5120813405173812,3.8193708114267437,1.4167300480809244,3.1571850304801954,2.9084219178072748,2.8703372264529277,2,14,14.736200742091032,8.063363511308479,14,3,14.127571530223477,15.631296541819863,2,12,7.085153419048781,3.4540369654777696,7,4,12.525546095140939,18.6599941404563,16,10,16.503053165693075,4.422743902093275,18,12,2.9054955916462366,3.5931260565717063,5,9,5.589857259244802,3.2796143838072136,5,8,12.05722558462327,10.402803713400907,2,16,1.165745692840443,13.761484604848622,16,10,2.8347188937524854,5.62051278705466,7,11,7.538456293514811,10.545132353805746,16,10,10.185532050111107,4.558514158782607,8,13,7.855483046888459,12.549316226143205,18,15,11.81222116768241,16.41343680317317,18,20,17.961806786562246,19.019036827493473,19,12,16.316529985791114,16.68909557933961,0,4,15.31409748199794,1.9905243471073433,11,11,17.547344676089647,3.640125121380921,10,18,8.417544802417297,16.37445255255006,well_rounded,stick_1,0,WellRounded_With_Stick_trial_e04b0252e332f292558010f67c2a3e8a
55,55_0,COMPLETED,BoTorch,False,-58.0,-70.0,-21.0,5.0,1.8466548297041208,4.103298390087632,4.190126606627943,4.419734809968113,4.019734585382473,2.5342482477510377,6,9,10.04301208467487,14.441987989617799,5,10,7.564481684712402,3.030073172655052,1,0,10.230459368942336,9.63437965360969,3,8,13.019349247301271,5.106816459515211,5,3,9.831270277257671,7.824382875649531,4,14,4.0998142872058025,6.400806890324914,10,13,9.31135155795551,9.846284157658486,6,12,9.450414034041314,11.798291066869837,14,10,1.9434264550984521,16.349860704974496,13,18,14.165484518233443,2.6689102466345394,17,16,6.535943886583282,8.47654695423646,8,14,18.022156387411698,15.351422263459447,10,0,9.175877010596018,4.697330427967608,19,16,2.8951935656167778,0.8479212386879899,16,8,11.943507097592732,18.90356684270241,18,2,16.181381815255886,17.53133950146884,5,1,2.5222272092931455,8.172147848411552,9,20,9.884749332786324,10.421577113802872,2,17,14.64032377481204,12.767509035106144,well_rounded,stick_1,0,WellRounded_With_Stick_trial_604dc054885fe99354f60cdf7420b4ef
56,56_0,COMPLETED,BoTorch,False,-62.0,-67.0,-28.0,4.0,4.409316423732941,4.36666377551488,5.796940134530197,3.874739353767453,3.2499889510601108,5.085116264082094,4,13,2.764589018894001,3.6254975432187106,3,13,19.348908028024322,2.9891932137201604,2,14,1.8184584319526953,1.6973196047405832,15,7,11.889838632566828,12.803017611526103,6,9,9.550923710703112,3.6328994274068673,1,12,4.582323023892617,17.04491117413187,17,11,17.85732599371079,1.5680628988260825,11,9,14.129415249339687,14.31119141923044,19,8,12.836269782642672,5.859800570036093,10,6,8.81091589722292,9.947805177300594,1,4,10.4649354121436,13.87546986254385,11,10,10.42281709278496,19.230542549188552,8,1,14.336884757642965,9.581405887668103,5,2,16.610939920864087,10.347527005173111,4,4,8.446753133133136,16.18197143114375,15,11,14.14812144982707,14.733358027052851,2,4,13.262771999039659,0.8497481279172238,10,9,15.950449379112019,1.3249440239729267,1,11,18.8274218244753,4.469608934142663,well_rounded,stick_1,0,WellRounded_With_Stick_trial_cc1e62212456234dc6976513af2139c9
57,57_0,COMPLETED,BoTorch,False,-10.0,-22.0,-20.0,11.0,5.256111971740424,4.522746385702417,1.1461635379490136,1.5617795569386288,5.4884133481346815,2.7241379567263166,5,13,5.623967861396688,0.6299526034581379,2,11,15.971440428195635,11.040442928194885,17,17,8.451127798211488,18.6463885167359,9,13,18.70903478406972,6.263523960797391,14,8,14.582718765975239,10.15861781396359,14,15,5.947708682457367,14.24505539673213,14,9,19.75543300087221,8.764068111897323,7,16,7.469639309658616,13.932943080867478,5,2,4.3467333155902335,13.883414432512675,2,7,12.890676832347697,12.501678112561498,4,16,10.659176536312645,9.756464403039804,10,13,19.876238629215255,3.576123576975541,7,9,9.692039876255318,4.874389618360751,17,3,3.9308985344338856,3.3856860274740357,14,11,9.619152811822637,15.224234145571819,16,8,12.381896243558897,7.5189969159324095,7,7,18.39023585356681,7.732680767255205,2,4,14.020641645105904,17.299012240878934,9,13,19.123471812800698,17.700822225281513,well_rounded,stick_1,0,WellRounded_With_Stick_trial_7653838864f805a7764b78f3f583f920
58,58_0,COMPLETED,BoTorch,False,-25.0,-24.0,-19.0,4.0,5.8606148452741085,2.2863057716145745,4.319139716086392,1.516900015918165,5.9460342171978295,3.655527742453283,20,10,0.7045334297071576,6.34293418371052,6,3,0.952948420526955,11.53716218783487,12,14,19.489196849808714,13.253999631725605,0,13,14.492702586606047,4.567523685643151,11,10,14.567515503369076,15.708329194255796,13,8,6.660698508736905,7.491854341143905,3,13,8.076710091005653,12.76655279795552,1,14,10.410761418832761,8.810876794751087,19,18,14.585217156461427,13.12333193471701,2,18,4.338384988443029,0.6478449788334191,9,8,7.313004975381879,17.806617154057488,5,6,12.438389922791524,12.961478955534705,11,4,4.9537817638488155,18.06652179274603,7,16,13.604910141175957,1.2767183036226448,14,15,16.40491005539689,4.994701137321916,3,8,7.108977035628562,1.0686079773842563,0,0,8.910970774135825,2.3333616399266255,1,14,1.5644232152402815,10.659280682586681,11,8,3.071006351638461,16.67211467554135,well_rounded,stick_1,0,WellRounded_With_Stick_trial_300e0e5e8d855c9229160dd91b5a5865
59,59_0,COMPLETED,BoTorch,False,-51.0,-58.0,-23.0,7.0,1.6834059896153515,5.290735765699205,2.497153950509345,3.9624503307750687,3.209703771249153,1.475773327206173,19,16,13.482265176604322,0.6895322822216188,4,6,4.533022919319905,14.165098368734565,12,15,2.8608476810012875,15.085243306746616,18,2,3.4708549816614864,3.38193327077872,6,13,10.26480572998174,4.878460969415517,8,13,8.44986562506895,17.32554823134576,0,18,17.485882965048003,7.878551935241044,20,15,6.717857464519108,16.258857110013636,6,13,7.486491909947604,6.94218160005855,19,3,6.224475012490393,5.8648966010153725,2,18,4.980062901321512,8.837562005493284,20,6,15.050139814994273,9.053273769938835,20,1,6.1724193665923535,19.13303943238111,10,2,8.419946168214025,12.587729686654107,5,1,11.190897507755665,9.988247273893055,3,14,15.609283940793448,13.304423684649828,12,11,14.063238373617507,2.3850919271399773,0,7,1.3476636463111222,13.368606655286248,9,12,5.889206639626349,13.040436214833504,well_rounded,stick_1,0,WellRounded_With_Stick_trial_29857c0b8a28551786518999a9dcd02d
60,60_0,COMPLETED,BoTorch,False,-37.0,-49.0,-31.0,3.0,2.0342230060143827,1.9664479792808294,1.1272718359743152,4.850304677762524,2.6003327545724195,4.577979407582977,16,15,3.008485379059201,8.469542349864284,8,4,6.3898599142532655,16.119865614232403,14,15,10.484119399938717,5.413557748003839,4,9,2.138250163412441,13.457913923659605,18,18,13.323627193083976,8.227739579876115,3,9,5.194629275537513,8.570905697558862,13,7,16.335871914038794,14.428007500258772,4,4,4.263396538068927,10.137353000989291,12,6,12.936478412999419,14.87254802104778,12,11,9.081581182002775,17.631865696236975,15,10,16.004284964688406,14.728555967622682,16,8,19.61004403229565,9.644827049707018,11,20,6.520204557826591,12.199203553537437,8,14,13.622422689240855,17.86294563856528,20,15,9.849625142658034,13.312759541407104,12,2,9.86125595950066,14.691876851386276,15,6,7.260539839158416,12.536917933989912,15,3,1.4992359152236743,14.481351252238115,13,9,8.869013220970142,9.223989404278473,well_rounded,stick_1,0,WellRounded_With_Stick_trial_cb90d8f9551dfc6a480d73628f3d7c57
61,61_0,COMPLETED,BoTorch,False,-20.0,-32.0,-24.0,7.0,3.132887756428666,3.690832388306575,3.0537128341028836,2.7066311212886776,1.8367760483896562,1.6279581505634775,9,14,10.913197883814643,8.500199414835597,19,11,6.005170251125816,10.245353014386012,4,13,2.0499420314671064,10.679832088196445,8,5,12.471829266994234,5.856170995947197,14,14,4.724169758376562,2.3232172900288717,12,12,1.84774906333137,11.455513354516668,0,14,14.250363832308837,14.957027442869062,19,14,16.07454273256724,16.726201960742667,16,9,13.047699904708535,16.75484714706456,10,6,6.831271520770653,6.629779124315899,10,5,12.691916504506104,12.43146701196429,12,4,18.0747524574166,18.830698909149362,12,9,16.584205385581694,12.084443645732467,10,14,14.423268546895185,9.343723527463107,6,20,6.557586855416659,8.215558372354177,18,12,18.91748677497112,11.368532229405307,18,12,12.584944156726177,18.27830472799333,14,14,16.241973157833165,4.038275899355183,11,17,14.316862707508434,4.295188264746693,well_rounded,stick_1,0,WellRounded_With_Stick_trial_bb04efddd299c44b5512b1fe808283bb
62,62_0,COMPLETED,BoTorch,False,-27.0,-26.0,-21.0,9.0,3.1653322968694932,3.9705318449880718,1.2098437740920929,2.8507228488783394,4.33824564517744,4.4462480054946365,11,18,0.9349433664026965,4.999023528627021,5,5,12.158303378271288,1.9907170456902277,11,20,11.46367755475271,9.803660354695522,3,20,14.36001393897968,1.5055911046341997,18,14,19.623111098317757,13.157229302531713,0,16,17.025169448625142,8.906613353802706,10,7,13.97107935046802,18.42410833665231,19,2,1.5422356464974414,17.450467112944153,19,2,7.497774198846767,6.356646848882611,17,3,0.5880203677721696,6.400810301999949,5,20,14.960852127042267,10.407713133325247,2,9,18.02660770729539,14.47015100334339,13,12,10.18954482949509,13.973877343053708,14,16,11.8899447127262,7.053765470854682,12,11,18.95350937099079,7.765280821049827,17,11,13.290377121183967,4.589445025629977,5,8,8.935227925078255,5.168515909608053,20,15,10.36265085518258,14.88780235757641,10,13,19.32067586815787,11.343842994926076,well_rounded,stick_1,0,WellRounded_With_Stick_trial_2f8e43249153f924529f235d23d79de1
63,63_0,COMPLETED,BoTorch,False,-38.0,-53.0,-28.0,3.0,1.2281676503626282,2.405457255817213,4.061482101643115,1.8752692273681821,3.153138275838051,3.2495082579482792,20,18,9.35751985565349,4.670462972921799,13,13,15.625971393456453,10.737286029863442,13,8,16.8554206665017,17.949599932688226,8,9,10.519194076256245,9.168485047483038,18,16,12.436375574845542,8.877993736148696,3,4,3.2401266530501993,15.239056134367308,6,15,6.889318659672226,8.05590724760439,10,17,10.10355759589092,16.78217744867276,1,1,9.148254842573495,10.641799244235138,13,3,8.854806100164925,15.520425885765414,13,7,4.645284085469868,13.080361209278868,17,3,5.280231173838499,3.988782075840063,14,10,18.90498272681683,4.554071034427431,11,13,3.196499242095154,3.8338671496351115,8,13,12.782081459608388,15.91893059284079,13,2,12.337245263597213,18.330129288247647,18,12,9.329083491797332,11.974409713852932,20,15,3.2099881927659513,13.76219467468872,7,6,19.795771461135743,9.73420257316257,well_rounded,stick_1,0,WellRounded_With_Stick_trial_6e7dcf2b323e64bdf614ae0fc9340365
64,64_0,COMPLETED,BoTorch,False,-32.0,-39.0,-19.0,10.0,3.769324422798359,3.6754802722383495,1.9556719668544122,3.044812545771112,4.232204107866991,3.968936341427266,3,17,19.41164742307292,3.754011553201681,12,19,10.880964185948644,13.892738845103723,1,6,4.261481718451188,19.604254370627512,15,8,2.894391619162744,12.09827574710418,17,7,13.44094390264056,15.867778265108871,3,15,15.43761914963266,9.081433989162328,5,16,14.016934221467245,4.839723412441628,6,11,13.316803824436263,3.5258044163866034,0,9,12.898389887792083,9.70465617412719,9,13,2.828403947240488,7.060566906925019,19,17,17.47015981043417,8.128889475076559,5,9,9.180379929357514,15.266141903099301,17,6,10.306179629438473,15.447629967524797,19,13,9.508189301765093,15.10230660770641,6,15,16.640658410712796,11.475027800293878,10,0,12.481792220301033,4.065740531616766,2,18,13.64415425079019,16.367055299225083,3,8,9.505213571460521,5.514248161245444,12,20,16.147597320286955,7.4818845806960645,well_rounded,stick_1,0,WellRounded_With_Stick_trial_a32c5d22a5f9a8275653c10bae44316d
65,65_0,COMPLETED,BoTorch,False,-36.0,-39.0,-35.0,4.0,5.864600834095239,2.284948993751028,4.3199202211127865,1.5153621149615906,5.940745172560697,3.680458258455966,20,10,0.6581577041874619,6.367877192041056,6,3,0.9108264041585511,11.514006594568569,12,14,19.49091804437477,13.247841908076147,0,13,14.50547082252905,4.569039317226225,11,10,14.616195207882097,15.693061921448148,13,8,6.672670279258281,7.502485121502767,3,13,8.060737146107588,12.76892772337745,1,14,10.398571558142574,8.800027913867977,19,18,14.615148265521205,13.128086761171083,2,18,4.3413596849012315,0.6332422314034738,9,8,7.444602685132134,20.0,5,6,12.446495124933971,12.980775350985077,11,4,4.950881170410142,18.08286923377753,7,16,13.598454288063056,1.243181619929637,14,8,16.40953629066002,4.986022940238215,3,8,7.089147511254955,1.0411207338838575,0,0,8.916705280841917,7.898512250884688,1,14,1.5817431614536894,10.652400178227632,11,8,3.078735433192338,16.678710104228976,well_rounded,stick_1,0,WellRounded_With_Stick_trial_75bca50682f2686ad1045c68a7be6fe9
66,66_0,COMPLETED,BoTorch,False,-19.0,-27.0,-19.0,7.0,3.28917179594644,1.1535257888439756,1.8171038344099262,2.633501136646305,1.0149173865507313,3.392622745018065,17,16,7.868004599080133,6.959048592329799,5,8,4.026374604819919,0.6722603057466857,11,14,11.987574658990935,11.596702447073463,5,15,6.133239538169107,1.7765292033725002,15,12,3.9153713670225043,1.8185243037720742,7,7,4.393503439885242,12.713507969298345,6,13,14.270882628844733,13.312190702618755,11,20,7.840648143189244,8.181038904818951,11,12,14.410593165295246,16.804401654686387,14,3,2.9965724519251276,17.67859797489882,10,12,14.300239839655443,14.780063645994112,7,9,19.89340248300539,3.7133365252794555,7,13,2.43251132925849,0.9807205213700443,14,1,9.888727211099534,4.229552947470823,11,19,18.136295236069166,0.6774363760806786,1,0,16.552419055978852,17.283815964345507,13,8,8.383628151522744,16.976992833551442,13,20,3.86660540820009,7.972444822969302,4,17,6.791630571526318,16.688482602129852,well_rounded,stick_1,0,WellRounded_With_Stick_trial_0c45e0a2ae55e673f374a3e818d09800
67,67_0,COMPLETED,BoTorch,False,-24.0,-35.0,-21.0,10.0,3.37988639048827,2.436811813545483,4.516033781269099,1.2859497829684825,2.454572266272592,2.711655176015928,6,10,9.258564134066951,9.436748775525672,9,13,5.7000768486735245,15.399666933013297,18,19,15.433132662896016,18.769713410430327,9,19,15.57562853730348,6.958974311644611,20,7,7.031073468573802,11.025448484083253,7,1,13.75978461595388,16.145150185839825,2,4,0.8220760179188118,7.7661474981970375,0,14,9.784371151125763,18.23538748331463,15,9,4.728990235745025,16.239698670870943,10,15,18.48745747367055,6.220743039285428,6,13,13.030818975870764,9.41699930907245,12,10,9.736945240014823,6.909880566468367,0,9,9.226301710353168,11.240846145596421,12,18,15.798681411233972,19.992354323621736,7,3,15.768730574203037,8.994232942306219,15,12,17.464089532802788,16.393537045982537,20,16,16.672397585968472,12.700301206350916,11,11,9.385498124341678,10.242649058097895,0,8,13.638012598886103,17.236282937089587,well_rounded,stick_1,0,WellRounded_With_Stick_trial_dcac2397e701a5d4d9812cf8c0ba9327
68,68_0,COMPLETED,BoTorch,False,-42.0,-37.0,-29.0,4.0,2.3121027900507234,2.6718181896280147,1.6090698908413774,3.9341450299476675,2.9129893101241007,4.330835895458179,15,8,7.302332457771216,18.80146440374568,1,9,16.175603983153877,14.185788221906797,16,9,18.55444170817031,4.762270272373168,1,4,2.7761815668136696,8.744617199970476,8,15,10.390577017930767,13.864811721112483,4,20,11.481662881173047,8.283875932341022,11,7,18.740389478467183,11.388712780290824,14,3,13.819904777026416,6.577577937377664,16,7,6.767970230795966,6.145471757580546,17,9,17.180675217505975,17.312085322347496,0,15,14.1721022793382,9.168831304323575,1,9,15.98687783250816,2.963690588699246,6,13,14.78253303031696,12.868932099566047,13,5,9.919797882209437,14.025800268251187,3,10,11.124203835804147,14.469026970864597,12,3,1.6963164455415298,18.621971956772096,13,2,19.659151833346787,4.159791552001558,6,9,0.6636808146850572,11.188822998853531,15,17,5.860736160397279,3.7679888755076942,well_rounded,stick_1,0,WellRounded_With_Stick_trial_ca5ccb76b74cb2773ab25392a5c54daf
69,69_0,COMPLETED,BoTorch,False,-14.0,-19.0,-24.0,8.0,2.2725636982966217,4.779126973820457,5.119262351616339,2.714165386594943,3.14028002262112,5.163686198876216,10,20,4.652438394514512,12.234601959437098,19,16,19.87087909670143,13.018924824123479,13,15,16.39632692127942,10.429291484111971,17,3,7.717485660255207,12.33281478404098,20,1,13.734092365409177,4.53767350727177,1,5,7.331615837363842,15.342457504143965,9,20,16.817265690033715,12.251946058126096,9,15,5.033027097776875,9.441920388424313,3,6,17.26435774100384,7.555277674077947,8,16,13.176936554674834,9.019644726431716,8,17,8.27755403377279,11.189233269317509,16,11,14.685168317787124,17.281771000658765,7,18,9.884739205071078,12.302126536249492,17,18,18.302836480883062,10.910985450477577,0,7,2.1374145851541337,5.1755386344469345,1,2,19.46036655284091,14.650943394637945,6,20,3.7705416750365157,1.0659614809969193,14,10,4.2442982861916025,12.735181075934348,15,12,1.5470810699166646,7.794877532318886,well_rounded,stick_1,0,WellRounded_With_Stick_trial_d1058f53f91ba3745e0801e5383648f4
70,70_0,COMPLETED,BoTorch,False,-55.0,-55.0,-35.0,7.0,1.92794412573129,5.33681639584974,4.9688864358987495,5.402514599595734,2.8901693068389567,4.548848597088311,10,12,4.791522646611031,2.4753418017772355,0,16,8.327517173725438,15.960133786013392,12,12,5.06990965836876,15.067940384061576,17,1,11.8181050600086,1.8049097484722876,5,11,13.599177621191206,11.891576850726988,11,9,3.8303814964495833,14.376701672336264,11,14,17.924377910595584,14.772220473562871,12,0,17.486303699592376,6.219166646916725,19,1,14.5693796492806,14.981766952566844,18,14,17.11361249815937,10.51768533090247,6,6,3.9665221516445985,13.49247202732102,5,16,10.668770067465175,11.653652380081727,15,15,19.128642848529804,5.978756958231759,17,15,6.8860761797191925,2.5147084247433686,15,6,12.97815635110601,18.053592148561208,14,12,10.166080653673381,10.66569028804241,18,16,18.09237148923654,3.152198666139529,16,9,18.842767287929863,19.143475790403496,5,0,10.127243523422893,17.67767516597832,well_rounded,stick_1,0,WellRounded_With_Stick_trial_8a05ac827432a28d5782bf00cf159222
71,71_0,COMPLETED,BoTorch,False,-22.0,-30.0,-17.0,8.0,4.175471061538904,3.736894883741947,3.946874890747821,1.4382860422497123,5.56519777289003,3.0365979809935046,19,20,17.921247914312115,5.031274180903262,16,4,11.790897884056665,16.536046876931334,3,16,8.986077280089214,12.66700582979911,8,10,4.6596677482948525,15.900476325618794,2,0,0.5695363255460413,16.018407629162642,13,2,3.099885057279281,4.27419647490615,5,10,7.015213211312455,1.2675533780283046,12,16,1.9565575770277737,18.70979439528951,12,17,7.2890372952865174,8.656074727750523,5,4,3.4765798441605,0.9739878175942693,8,20,1.596564362735976,10.025070454356857,11,10,14.346144109803634,7.741529490303946,8,5,16.91764837427383,12.766330560850031,13,7,6.708616425271693,4.826246959653851,9,17,9.660470473151221,14.643862002118327,6,11,18.000096379888912,6.83659013784891,7,8,1.714099931187573,5.125638541755898,18,0,4.162273309562783,9.554939716013072,5,19,5.076028748109284,14.753113087639045,well_rounded,stick_1,0,WellRounded_With_Stick_trial_1c9dafcca7ac869c37801eb0180df25c
72,72_0,COMPLETED,BoTorch,False,-23.0,-30.0,-42.0,6.0,3.3369117422618677,4.31210310539463,5.6267131521212,5.080873204297584,4.785051343165028,1.744332641221098,11,11,5.431582714293636,2.796045213344163,10,3,9.527350067904532,3.3516246448512743,7,14,11.458246331804814,8.333166928607866,2,0,17.670810609097106,0.5351853349314335,19,7,14.6427165018221,18.56141896709319,18,17,9.224839426947174,18.170173888757432,3,4,12.84967419472678,14.15273506334707,8,12,9.967144666686552,5.655048152962378,9,2,4.963072216093573,18.85707630369265,16,9,7.955584641559131,15.100767981028643,10,17,8.480761943575832,1.073213599629133,2,3,16.83967384292557,4.443516409156591,9,6,12.604536448365902,2.406868160839929,9,1,9.906810372765609,8.45884628694806,6,20,8.831492233313988,14.344046203435438,16,7,18.30496423917848,11.421593925898037,15,7,4.960873479277664,10.728872806242398,8,3,4.593440433289676,11.472134116694848,20,13,16.46617103353367,14.619682206978478,well_rounded,stick_1,0,WellRounded_With_Stick_trial_a7091c078c20d3dd534ef6f59ee4098a
73,73_0,COMPLETED,BoTorch,False,-59.0,-51.0,-35.0,3.0,1.7714274932809364,4.07968181834768,5.229505122755206,3.9445169063537295,2.525587594879077,5.816750574775282,15,9,19.902721776976154,2.8435093788548897,12,13,8.469318226402265,8.447939083966704,10,12,9.847257893637149,15.261975812471764,1,4,5.424347757169484,1.1571861752680896,18,3,11.258372093304281,19.057789351403706,2,9,10.372792459210517,17.915496332455852,8,9,17.33737108137586,2.178089498658282,18,11,7.544094559121345,5.3055859821811255,14,0,4.45811812598347,2.48130768457937,12,9,12.416127537399117,5.790560371809886,4,20,2.047771385682072,12.105187259631133,6,19,2.7695910028894146,12.611910903273259,16,16,12.193642698349427,5.30238886026419,13,19,13.245968953412804,5.341731138662984,10,4,3.891560909233107,8.09320725779548,10,15,9.073270437423584,16.02816020435062,1,7,18.236077601901663,11.204785534713224,13,6,7.531569497142359,14.946395984057437,13,8,16.562626894423072,14.893728210363685,well_rounded,stick_1,0,WellRounded_With_Stick_trial_cf2a58388553ae4c694760a579a71dc9
74,74_0,COMPLETED,BoTorch,False,-28.0,-55.0,-29.0,3.0,3.0172077228227656,3.4465670567982682,3.551774224346621,2.386865465573621,5.600819566446387,3.2390683059435585,1,9,11.12022310979613,13.516369609649626,7,8,18.785749193508458,12.401066697520019,13,11,3.1514309005733656,8.416843343653074,17,10,19.5196252113138,18.6841593792723,13,11,11.121098333106858,16.602028953217534,14,3,12.893428834054584,9.269487097255979,5,10,15.77511847125534,14.339363765440357,6,5,14.800918606909525,13.732783372442915,18,18,2.8138979616804884,11.286800181842665,13,10,7.107617427287206,12.718503382426949,17,7,13.70555002791023,6.889476026223466,4,5,18.53217465134759,10.210205094071517,3,11,12.935497240094795,3.328311093873279,13,12,19.349454784931446,7.448858523686278,3,0,18.626460272155356,10.039897567702791,5,16,8.491501051807862,5.459672696114275,5,13,7.70899889864043,11.175755566115937,12,6,9.083332484074905,5.863615597238239,5,14,12.417248002873377,18.907730504099618,well_rounded,stick_1,0,WellRounded_With_Stick_trial_5529584ce934591f4921925bd4075af2
75,75_0,COMPLETED,BoTorch,False,-54.0,-58.0,-28.0,4.0,4.837588645597926,5.49542935639749,2.955621080498043,1.3109947285707504,5.780168104563117,3.7200035652925605,12,10,14.415098332734043,0.9559013234070742,10,17,12.283228104400353,12.114446245953193,12,10,15.334257926758056,14.296715736290178,4,0,13.06866715383869,11.029285562069349,12,15,16.70834521333403,7.192286044245556,5,4,4.173556368749458,15.950587599293785,4,12,8.371056260071157,9.164921653513463,0,6,4.500912317168154,13.887389849163656,3,6,8.012723858370084,4.217115673364128,4,4,18.887167492958817,15.701014188431538,18,11,10.319226858908321,9.53650044751394,10,17,4.360759237362837,8.102437810398877,14,6,19.44643893899855,3.1119244685261007,16,1,3.578842753103436,4.034071261910006,10,8,15.731074832218757,12.645466152233695,1,3,15.719124488961743,19.77860065124933,6,19,3.6234442050785804,14.818197834971713,20,20,19.19489999936102,8.42626394306549,16,3,9.199052021367942,4.611954276313945,well_rounded,stick_1,0,WellRounded_With_Stick_trial_5c9131fca82eff01c74833f6de3c2c70
